;coordinates;geometry
0;origin;POINT (114787.5853263835 485057.9763336046)
1;destination;POINT (114702.90342724042 484929.40477270965)
