;coordinates;geometry
0;origin;POINT (114670.65890810959 484986.4372817414)
1;destination;POINT (114667.13197561623 484923.164404549)
