;coordinates;geometry
0;origin;POINT (114666.37398341368 485033.64511753427)
1;destination;POINT (114801.55681502087 484982.8515877896)
